<?xml version="1.0" encoding="UTF-8"?>
<!DOCTYPE mapper PUBLIC " -//mybatis.org//DTD Mapper 3.0//EN" 
	"http://mybatis.org/dtd/mybatis-3-mapper.dtd">
<mapper namespace="com.exhibition.project.BoardDao.MemberDao">


<select id="userinfoSelect" resultType="com.exhibition.project.BoardDto.MemberDto">
select * from member where id=#{param1}

</select>

<update id="UserUpdate">
	update member set id=#{param2},email=#{param3},paswd=#{param4},gender=#{param5},mobile=#{param6},address=#{param7},name=#{param8},file_dir=#{param9} where member_num=#{param1}
	


</update>

<update id="NofileWrite">

update member set id=#{param2},email=#{param3},paswd=#{param4},gender=#{param5},mobile=#{param6},address=#{param7},name=#{param8} where member_num=#{param1}
	

</update>
<select id="ProfileImage" resultType="String">
select file_dir from member where id=#{param1}

</select>

<select id="SecondProfileImage" resultType="String">
select file_dir from member where id=#{param1}

</select>



</mapper>